tenantID,userID,tenant_role,action_type,policy_version,security_alert,response_action,event_id,timestamp,hash_on_blockchain,severity_level,tenant_type,type1_detail
tenant_0,69d4c497-9c43-4d1c-9469-e8c5dfde8a76,Admin,access_file,v2.0,TRUE,Blocked Access,656dc18c-7ee7-4d0b-bc34-05dec8636af8,28:58.8,410c5a79a12a073770a2f6578415f55c8317c0437251e4137072d4c87f047ac2,Medium,type2,
tenant_1,0b914edb-2cc5-4557-ab79-56fbc9bbca88,Admin,modify_settings,v1.0,TRUE,Allowed,3223b020-bd73-4cc4-93b9-db1da38d4960,28:58.8,f9a9ea2a4bbd4bc316ba53cb2261b9169d1d66000a2bee3b8326b0f242b0f39a,High,type2,
tenant_2,06ebfcc5-d2e1-41ee-aeec-32069d6af3c3,Admin,login,v1.0,FALSE,Blocked Access,b6afe6d0-0d33-4815-bb07-10ed78c21677,28:58.8,060a52885f7dcd172ab42a48077ee5ac128f5fae71cc4f368a71d29d23833699,High,type2,
tenant_3,5eb36cf2-31cf-4096-aa4c-d024160edb29,Admin,login,v4.0,TRUE,Allowed,57fe7a84-29c3-4ef3-bc8d-d027a528aebf,28:58.8,cc17544b525e192559748c9574634f4f118de85def2896e0677e55920f39c282,High,type2,
tenant_4,ea17c338-fde5-4fd2-815d-ad37d7adba9a,Admin,modify_settings,v1.0,FALSE,Alerted,c976fda5-9b88-4241-88ec-1e7a3e215cee,28:58.8,4c714d37dcb343cebf94cb449194df2f2ce0202e777683365905fe1327f55287,Medium,type2,
tenant_5,f505e2f5-4671-4e7b-ba0d-832b741e3d68,Admin,login,v3.0,FALSE,Allowed,582cab22-5fd4-4785-9e67-b3806a3ce574,28:58.8,1f86e36f9542bbf46d63f1f1b80699f7e61dc7c69a96e70328c4db5c5c99c7a0,Medium,type2,
tenant_6,68e66cd3-4314-43cb-ab69-cd3fd38a2f36,Admin,modify_settings,v3.0,FALSE,Allowed,d36f2472-f36b-465e-8233-551b881d4233,28:58.8,47a60da9cd068d8c5b660312f889aaef4f6f917e8b2b49cb1e513f9fc6fe2de4,High,type2,
tenant_7,5f382528-bb80-4ad1-9b00-850fb8c129a2,Admin,login,v2.0,TRUE,Alerted,c4f0bb39-7858-4447-a873-cc465467013c,28:58.8,b754ac8ba84a532261832de4bfa1f1cb88f49b2c769b4cf0d22851c3c5463a1f,High,type2,
tenant_8,3f53065f-4f3b-4a52-b6b3-2cd07e61d304,Admin,modify_settings,v4.0,FALSE,Blocked Access,34ff1e51-8180-46d5-b1a8-88256d969761,28:58.8,122259dc331d8ce2c462ada27470841a5256ee0f5e501d517e12fc96581e1019,Medium,type2,
tenant_9,68154b84-ced1-432a-9bba-6764a2aea084,Admin,access_file,v2.0,TRUE,Blocked Access,4a05c5f6-682d-4533-9cbe-0e6addbe00cc,28:58.8,acfab568f3096e916c124e1784a0b1b60f03f6c80b2a4eebd0e49984869aec0c,High,type2,
tenant_10,85813141-b0ba-4661-ba0f-0f5ae6ca39f1,Admin,modify_settings,v2.0,FALSE,Allowed,9612487a-295d-4965-9dcd-f52e34fcadb1,28:58.8,9f2972652bd58e1ac268bd1de17148f01ea8e559c435117deae19247df865837,High,type2,
tenant_11,5f874c05-33f4-4080-92de-0deb3806570c,Admin,access_file,v4.0,FALSE,Blocked Access,c8623b89-c96a-459e-81b1-8eeaa98055dd,28:58.8,aa790fa4a914936f225fb96a0b5008173cbeb3367bed197206c7624b924b9e4d,High,type2,
tenant_12,a7b6db04-2f28-4c15-ae5d-0a33a4bc4512,Admin,login,v1.0,TRUE,Allowed,189fd0b3-fc2c-4087-874a-a72abaa34939,28:58.8,3b62679dae06846634ca8bad215ce03f2a8c6cf48954854bf183d2e9827b2088,Medium,type2,
tenant_13,9febf5e1-0c7c-4402-a17c-3fc174b429fd,Admin,login,v5.0,TRUE,Blocked Access,7e52be51-4d13-4897-ba25-3a4895fbadf8,28:58.8,a11e4b79c4aa1a224aa6899c154a6894e690995f6073eab6d2285107bd417ae4,Medium,type2,
tenant_14,b02defeb-9d75-4b06-975a-737ebd8a2a70,Admin,access_file,v1.0,TRUE,Alerted,a018a43c-ea0c-42c7-9500-8e5260aaa23e,28:58.8,3dab40bfce3683bcdf6eeb63044eecadd5cb5fcf9c1dbe773363ad6d3a395f90,Medium,type2,
tenant_15,81c09491-2498-4542-b6e1-b222ae5129af,Admin,modify_settings,v4.0,FALSE,Alerted,b1477f73-05a3-4be9-976e-f55642f0f614,28:58.8,9ab45c0ee6753b7c5786d333f6d26fb73d5ce1aeecf69e61b7beadb3dec34e61,High,type2,
tenant_16,0d2d0705-bdf9-43a8-98ee-eb11359c6d16,Admin,login,v2.0,FALSE,Blocked Access,1169282b-e49f-41bf-b7be-49700a651d7e,28:58.8,b9cb82fc3e087e2114f89415331f18b4315ba351f2e8dbfe879478bbb5b2d165,Medium,type2,
tenant_17,b7916e56-7955-4eff-bece-5dd23d771ee4,Admin,login,v5.0,TRUE,Allowed,b7326a93-4b31-451c-abb8-86eefc3446ae,28:58.8,f61a46b79d0cc860ec420e6984e5830d4abd70732fb7bf8e3c4b2a115be7479f,Low,type2,
tenant_18,ac633af1-434f-4907-b0f3-9a5185b160bc,Admin,access_file,v4.0,FALSE,Alerted,ccf869bf-5403-4ad1-bc69-53d75f7d57d7,28:58.8,fb27a50effa13eb8a551bddbf653632ff9623c785232139a18cc44841352bcf0,Low,type2,
tenant_19,e4256aa3-5174-484a-b857-87557531c6dd,Admin,access_file,v3.0,TRUE,Alerted,bcfd068b-d2d2-4b4b-bb0f-63b72e785a96,28:58.8,103ca7cda2cced3c804ddd5af790f444ce5a5cefe15d65c708102548ecce2004,High,type2,
tenant_20,cf7b38c1-79a5-4ee1-83eb-ed8d14a11cd5,User,access_file,v2.0,FALSE,Alerted,53e94808-b06d-4393-b9b6-ea35d9e60c9d,28:58.8,9b484f0cee650bf082e979edee70414ff759b309ba67b0b4e4513c909f6b416a,High,type1,Level2
tenant_21,3a9ec6b8-6aed-4be4-8f64-fa7e74ad2901,User,login,v3.0,TRUE,Allowed,3db70e55-eaa8-4da3-b70c-c74495f7d26c,28:58.8,292920bf2b70f5424b9dce8a6ba0ac93450bfee73f7398bac6b54d08458e0e9e,Medium,type1,Level2
tenant_22,bd1cb7ab-99cb-488e-924c-69f8cd1fc8b1,User,modify_settings,v2.0,TRUE,Blocked Access,02cd07e4-ffa9-40a3-899d-993dd543e401,28:58.8,d0ae3cfe0758a7d488e2320b7c4409a999648051f39084bb2407f968bbee397d,High,type1,Level2
tenant_23,76b4b9cb-9739-4331-92eb-df65851a5bfe,User,access_file,v1.0,TRUE,Alerted,66038490-8f35-45ac-9902-2a6e130cd806,28:58.8,5370b4590f988956f43c19aa94862efd3dee7cc5d91c46ce6741e4ba12674285,High,type1,Level2
tenant_24,857ef60b-3135-467d-bb99-2b9820c3412f,User,login,v4.0,FALSE,Blocked Access,0978dece-eee1-4419-af42-07aa61af3249,28:58.8,0d7379ad31bbe36855eb9cbc5031e4b3e14e70404a62d3602760a2586a984d63,Low,type1,Level2
tenant_25,3520a47e-0edb-49d3-9d2c-8ab033ccddb8,User,login,v2.0,FALSE,Blocked Access,088e22f3-b390-4793-bdc0-b19c7e5d1876,28:58.8,e3f2f9cc3bc472b004ce99c7e3d5084394cac8ce58c901440be0d6c6cbf29138,High,type1,Level2
tenant_26,a78d57be-ea59-4059-92b6-e01f12224e90,User,access_file,v1.0,TRUE,Alerted,5dfacdde-9734-4349-a29d-0fefb2ad8075,28:58.8,4311916b30da4f01d88d22780a012e4846c838fcab950187af1eac83ea51265b,Medium,type1,Level2
tenant_27,4d966047-006a-4ed1-8d06-c519c41421d6,User,login,v3.0,FALSE,Alerted,8eaa2c67-3536-493e-8e81-defaa78ad8c5,28:58.8,470c4fd68663b768141287e3c0ed2675a606fca56b25786b4181fcfcf9e666d1,Low,type1,Level2
tenant_28,84074c48-3418-4cd3-afab-9fe9fdfcc02d,User,modify_settings,v4.0,TRUE,Blocked Access,f99eafef-3f2a-484d-b3e0-342b97c0c1da,28:58.8,96c7622a2a2f57c085ffc85f569fed77e37cec9d3d9e708b31fc517c76e49a1f,Medium,type1,Level2
tenant_29,721d3468-f87e-4256-87bc-8ad2bb4f73e8,User,login,v5.0,FALSE,Blocked Access,7a9864f0-c9c2-4ace-8ed1-a0815955609c,28:58.8,ee9af783667a6920bf91fbd257696bf66b3377bbd57542cf07de4f95aa7e03c6,Low,type1,Level2
tenant_30,585c143b-90d0-4719-8dcf-9db59d49a2fc,User,modify_settings,v2.0,TRUE,Alerted,d240058b-c52a-459d-a435-3de1d36ea49f,28:58.8,b94f15449258bb4d67836685a453de0dbab8176a5eef1697e9a3d75d6eb45a65,Medium,type1,Level2
tenant_31,86180f04-8c3d-4623-a50d-66458dbc5576,User,access_file,v2.0,TRUE,Alerted,8c7e2789-f191-42f3-bd93-1f814bdcec53,28:58.8,cc539ae05bec15e14d687b7dedaeb97532e0bc61a1192587c728eacb12320dd2,High,type1,Level2
tenant_32,3c2f21bf-5f94-4e67-a55d-540006fe7ba0,User,modify_settings,v3.0,FALSE,Alerted,4da9de97-c1da-45c4-92dd-425d5df06517,28:58.8,044e8dcdfbf447b12c74cff3c770df0608a8fbf6dd223019409d96113f98a507,High,type1,Level2
tenant_33,a4920482-4f6a-46a0-8549-885ec08e0c0b,User,login,v5.0,TRUE,Blocked Access,4ffab762-0b89-418a-b8b6-9e30a1ff0ddc,28:58.8,df2d3e20439efc1b9ba8ec70c05f8ae7e9925876eb589e9d225ab3cb990a8d5a,Medium,type1,Level2
tenant_34,2c2d517e-ee3b-46e9-a6b5-bada42364932,User,login,v5.0,FALSE,Alerted,2fcacef0-fc3e-47f9-bfcc-7acb2ea4c351,28:58.8,93cb02ed8c35976b0fb598a2c085b8d04450eb60717489162e7fe543253b09d3,Medium,type1,Level2
tenant_35,729f24fa-2d22-4e60-a2e6-bc2e7adfd04c,User,access_file,v1.0,TRUE,Allowed,b06ddb12-b968-4e8f-ac7f-790bb35b4d6b,28:58.8,be36aea74f6974025675dd8f6a273553bb0e785f9c0a1f402e08890a6ff10328,Medium,type1,Level2
tenant_36,e3dd9f7d-8c09-4a04-a558-b4409b2b93de,User,modify_settings,v1.0,TRUE,Alerted,5e20066e-902c-43f4-8b6d-e7d0f9262ffc,28:58.8,fcd2162c37b3d28050bdcbaa85c53b25363519f486bfaca9c1a1151e7ae57ca6,Medium,type1,Level2
tenant_37,a258cf65-99b5-4e8f-bf9a-b05df1fa8ecb,User,modify_settings,v5.0,TRUE,Blocked Access,046b30b9-7e36-4f8c-aa79-f489174757b4,28:58.8,4328ecfba1a30b7e65c6297899531a5cd5670cb9c17a0b8c0764f07753a1ae5f,Medium,type1,Level2
tenant_38,b5ec05cc-51ff-488e-a231-67a32f2ac19a,User,access_file,v4.0,TRUE,Allowed,5a0267d3-1420-4602-82d9-26313119b775,28:58.8,97cb92cee1c6e095593f12c578d17ca748f128152a1fb6c08475457647312efd,Low,type1,Level2
tenant_39,7f9b6fbf-84e2-45b1-a34b-b1de9da41cbb,User,login,v5.0,FALSE,Allowed,ffb88943-a2da-44f5-97e9-903563c9f155,28:58.8,7ebcffada1db09148cb09e861db6a2e09cb39f5af2643309c7e6f1329c987ce7,Medium,type1,Level2
tenant_40,b44d5d21-8fb1-42a0-8fdd-a085a2c2617f,User,access_file,v4.0,TRUE,Alerted,27e4e7c8-8e35-46dc-8b74-ee851882ec7e,28:58.8,0a05ed4f2d0f92bb6da22e59ddc0aa5883808e93dd519f1a2df63dc770349bb8,Medium,type1,Level2
tenant_41,fa2b397e-145c-483d-802e-1c792a41419b,User,login,v3.0,FALSE,Alerted,32137121-74fb-4781-8d24-70ae84acc08d,28:58.8,5232ab28cff8a0918d3ae732690e31fb1dcbabf3beca128b53679660fa091d91,High,type1,Level2
tenant_42,ad0519b2-b3b7-4868-a602-bd055fc5b8b6,User,login,v2.0,TRUE,Alerted,96c1d984-bdd8-4dd8-b5a7-b36403f9f6c6,28:58.8,017ee89933cb07d24519e2faa38a72fa43f128469b53430b12bc3a6534b12817,Medium,type1,Level2
tenant_43,4b9ab5d0-a22a-4068-a3f5-763ef9792cfd,User,access_file,v3.0,TRUE,Alerted,d7b0e48f-b20d-44d0-9126-d7687546cf75,28:58.8,e2c5997d0029d81f893b5965fb559c7e8dbe248d95f66f99bdda3a6462497567,Medium,type1,Level2
tenant_44,2fbfa424-e6dd-4544-bd9e-b1b3dada9613,User,modify_settings,v5.0,TRUE,Allowed,188a409b-d39f-46ff-aa98-9744827f69aa,28:58.8,11bcc9465cf582e05e29e813220e5d69eb3bc6e1a963af0105d8c02b509681d4,High,type1,Level2
tenant_45,50c59fe0-340f-4ac0-b80a-b803cb043f10,User,access_file,v5.0,TRUE,Blocked Access,2517e2fb-77a8-45f7-91a2-e5fd7a3de67a,28:58.8,417177e3a165eb75e5d005303dec6d2f25b698db02e81b0f052062fdf0e64e36,High,type1,Level2
tenant_46,ff79fac4-3734-473f-ba9d-9b4e0e70e47b,User,access_file,v1.0,FALSE,Blocked Access,b3e55489-19d1-40e2-89a2-8706bb996c21,28:58.8,a3c22adc12ac4611b7e336b8366817a3e1841d716e3849d90e5b575334892248,Low,type1,Level2
tenant_47,82266cd5-8079-4ec1-8cc3-0264000022dc,User,login,v1.0,FALSE,Blocked Access,94c2acb5-bf45-42f5-bb5b-d4a04f4f436b,28:58.8,6435d1b16c73263a9519855be9c6946bc9155e4882c70746f65472af5aec1328,Medium,type1,Level2
tenant_48,0db31692-e8e1-4ef2-95e5-7d39486df33e,User,login,v4.0,TRUE,Alerted,b4f01087-5ed0-49ad-bbd8-e158081e092d,28:58.8,bd2a875507f24891ca464dd09f8efe20e610031aea0a707ab6d6d6ef05139073,Low,type1,Level2
tenant_49,f12117ea-b649-472a-9a75-55acd42c9a96,User,login,v2.0,TRUE,Blocked Access,48b23c63-40a2-45c6-849f-7e2e08796d4b,28:58.8,277404a698b4a6a8f21ca04d9c240cfa8fa1f706d17859444c25117d23bccc67,High,type1,Level2
tenant_50,7968fbc7-066f-4448-846a-bc3ef4526cd8,User,access_file,v1.0,TRUE,Blocked Access,76e7dacd-9752-4179-b79d-74e5331b0552,28:58.8,971cafbca40ac1c5bfc108f91afea55882b36aaf9194cf90decdb83bdcb14061,High,type1,Level2
tenant_51,5d3ec79e-bcdd-434f-84e7-2461a05c3992,User,modify_settings,v1.0,FALSE,Allowed,337603a8-198b-46b8-9b05-7510026507a9,28:58.8,5de815a48d6b9487a725c63c8185317a7b788425963c9de7021ca7056242b717,Medium,type1,Level2
tenant_52,b0303c66-53b7-4f59-8427-c24248a5453c,User,access_file,v1.0,TRUE,Alerted,17178b2f-344b-4a3d-a68d-2b6a8d69d18a,28:58.8,26418f54270a8510bb717106f1b14bfef49baed0c6c724567dede0d8cb4d4b21,Low,type1,Level2
tenant_53,58e42815-5240-4d65-a426-d7bf21c6cbbf,User,modify_settings,v1.0,FALSE,Alerted,113aa144-3fe5-4991-9fd0-913c94787d90,28:58.8,785fd04649638e2ffd0115fbf0649b10a7f4928eafd26176701c5d10664c9e15,Medium,type1,Level2
tenant_54,6f3b4b5c-85ec-4be1-898e-4b716ea74e06,User,login,v4.0,TRUE,Blocked Access,8e0722dc-56a4-4248-b3ed-2e0e64f63c31,28:58.8,1b0536f6060e9358e18b6dddf130e41c994a0bda8709bbc57413a70f9745f861,Low,type1,Level2
tenant_55,7981c16b-9d53-4755-91b6-fc7bfc226089,User,access_file,v4.0,FALSE,Alerted,a13d6f31-fc18-4401-82d1-6fa0d5dcfc14,28:58.8,fb8e8f918a227971cf13ed66778d770b1bd02c052407c8324d17cb67efd3fd1d,Low,type1,Level2
tenant_56,147bce60-64f1-40b4-ba9e-adce0cb14dcf,User,access_file,v4.0,FALSE,Blocked Access,5543f84a-c862-4898-b9e5-313ab9c42192,28:58.8,993b783a11a18cb4441018ee1f2f389102db9078ef35a22e9a7b25d3fe6d70bd,High,type1,Level2
tenant_57,805b4de5-b511-4632-b2f5-0e334eca14fe,User,modify_settings,v4.0,TRUE,Alerted,bf63109a-05c0-44e7-af8e-caddc15d1cef,28:58.8,090444747f3de1a4277bc0d6f89f765e4ad18f16c94e6faae34221ae8ecca333,Medium,type1,Level2
tenant_58,72935492-d37a-42dc-81d7-f90d4b571c26,User,access_file,v3.0,FALSE,Allowed,e1f4200c-5ff8-4f30-aa6e-e8047ee1f1f2,28:58.8,21427fa80f09d9f4fe5d24f948de9ed81eed9a414d07ea27181d9cf5ee62d3ae,Low,type1,Level2
tenant_59,e8d45a0c-7b0c-4ac5-9eac-8d1ef7d66fc3,User,modify_settings,v2.0,FALSE,Blocked Access,d4a4afdd-f082-4d1b-9005-05bfa7bf4878,28:58.8,a9a40185e7de2aab89e66bc1449c5132fb89bd08f78bc2991a76d190cac0b690,High,type1,Level2
tenant_60,1fb8c622-a8b2-4041-a518-fbce5daea2c3,User,access_file,v3.0,FALSE,Blocked Access,817c1d94-b37d-4266-8c7b-2925720290d7,28:58.8,4a54817cb8312610a4cef6faa5030dc28deb361cc625a12f14fbc4629d305b39,Low,type1,Level2
tenant_61,60380e04-58ca-400d-8e63-3b6a741a8864,User,modify_settings,v4.0,FALSE,Allowed,6096bd5a-e324-4c2e-8287-95c504b5ee92,28:58.8,98195b3df72b8c610218240fc169abb98c0cef33dfa2b19ceb490046cf605dae,Medium,type1,Level2
tenant_62,129bc890-0b04-4e27-b23b-1af66de36c2e,User,access_file,v4.0,TRUE,Allowed,7db879fb-2ecb-4b18-a87c-4ce7472246ea,28:58.8,91b928289816ebccdc425b8723b490ab7f088aa94657e03559e0834cbb7ff9bc,Low,type1,Level2
tenant_63,f17393ea-dc66-4c40-9f4c-2859abe0806b,User,access_file,v1.0,FALSE,Allowed,649fc858-4bd9-4df1-8d0f-96322dca3dea,28:58.8,a373f6983c67ee61489c5ad975a0d694d006055a6c9f29f478a80cfb89aba413,High,type1,Level2
tenant_64,c7d243b1-7b7a-49ab-b3e3-976e0e631550,User,modify_settings,v2.0,FALSE,Blocked Access,bd41eac4-85bb-47e4-ae09-cebf6e1f2837,28:58.8,2d836853a414d91e7b542a18debd1efe76d0c0b9d2d3473b9ea41845d48cb5ac,Medium,type1,Level2
tenant_65,2a5f53f8-dfb2-4d07-8e57-7ac0f6e575c8,User,access_file,v4.0,TRUE,Blocked Access,76a01022-cf58-476e-a466-a35087e0b05a,28:58.8,621f8a050f80141864a4fd3b15cb5432c1905bca6636eb7ab6c0cac277c8f32a,Low,type1,Level2
tenant_66,b528eeeb-9128-44a7-a0d5-01251f9aa56f,User,access_file,v1.0,TRUE,Blocked Access,44e5b826-bb40-47b9-adf0-302b21a7831e,28:58.8,66c20185e3e7422938fc666e6bbaf7c73d486083718161f7e6df27ee22ee9517,Low,type1,Level2
tenant_67,5fe462cc-ef91-4484-99bd-75163e4f38ad,User,modify_settings,v4.0,TRUE,Alerted,c236076e-e60d-4929-bd9d-9c7ebcc6530e,28:58.8,96810704032dde9bcb5d333171b61bf4399acf028f08fe1abc180e6d9abd15af,Low,type1,Level2
tenant_68,762f0646-76b5-4fcf-b2fa-671005a272e7,User,access_file,v4.0,TRUE,Allowed,9fe0bc81-7c66-470d-b257-e6a0ebe688aa,28:58.8,af4c98d100dcafc0f654479b117b5a7e0aef6e55bf21b68903d7e72997288374,Low,type1,Level2
tenant_69,8f91fec6-0e1d-4d6b-af7e-9c10bade153e,User,login,v2.0,FALSE,Alerted,90814eeb-68d4-40fa-8767-42f39e249db8,28:58.8,d650492a7c06aae9c2ee514cd637670d3b006da572ea55727c6ee588e7fd3706,Low,type1,Level2
tenant_70,85f84157-5808-4fba-9375-126b67d3dbda,User,login,v2.0,TRUE,Allowed,1c1013d9-53f6-44bd-8e39-3a29208acae5,28:58.8,3ce245525d98b60fc88f66833482aa0a1c9670e3333de13314df7ec0e1104150,Medium,type1,Level2
tenant_71,7a71fb5f-c425-4517-983e-9ba51de67c7c,User,modify_settings,v2.0,TRUE,Allowed,795bb190-d434-4be7-99b1-47897df8bb48,28:58.8,22a795fe1cb40e68e386d7fdeb26d10947ae776c20dd4aa12e88307ba9446e5c,Low,type1,Level2
tenant_72,6be80385-b85c-4ed5-9e82-8ba7d50fc1ad,User,modify_settings,v1.0,TRUE,Allowed,31c4e034-46f4-4614-8808-da7688ae2ed5,28:58.8,bb58996aa3ec6dd2f629e8d8b7cbcbfdef6cb629a238e3370627dd3b6f41fb2e,High,type1,Level2
tenant_73,5d9f7e4e-1803-40d9-9288-9974b1554057,User,modify_settings,v4.0,FALSE,Allowed,a84b19ed-8018-41d1-a84c-900f607d9372,28:58.8,b30929c9a9af4ee8491bb09a85f348dc6128ddf6a44e874f6fdda1022d4a8df1,Medium,type1,Level2
tenant_74,3d65ce20-dd56-4101-ab7e-44f21ffcc2e5,User,access_file,v3.0,TRUE,Alerted,a9e39361-1dc7-459e-8e64-6fcdd68552e1,28:58.8,79234ade5b42b068cca764d9888a3064340f2e5f979e1950927e811fc8d720a1,High,type1,Level2
tenant_75,36763564-e4cf-4342-8fc5-cf4ccb2ff2cb,User,modify_settings,v3.0,FALSE,Alerted,5dad4e18-0901-43b8-9cfa-9e3ef23c8377,28:58.8,663e2de3a7036dd70acea2a9c50837753525a86b644ff6122c08511ab105814e,High,type1,Level2
tenant_76,f9a31e33-96ff-4f51-a4df-56e55a837efe,User,login,v2.0,TRUE,Allowed,eb719ba8-734f-4b55-9aa0-b1a6eddaf9eb,28:58.8,1dde8bb6e296c7bfc9b60815875bb5848bf719226bd76bc4d15dcb9b16fe77ac,Low,type1,Level2
tenant_77,efd212bc-59c5-4bcf-b1a1-ccabb7929be3,User,modify_settings,v5.0,TRUE,Blocked Access,4e34c9c8-0c20-4d3a-8f9c-5d46f5d5136a,28:58.8,fcbb1edb5401432fc13df8c38c0a5844b63e47f55f7e7b9cd8590669bacd7d7a,High,type1,Level2
tenant_78,b0a163e8-433f-4b09-9cb1-a2e0f44a9d77,User,login,v1.0,FALSE,Blocked Access,6b92c4aa-f757-4ada-85a2-7d2076d0353d,28:58.8,a575b7a5f3104189a484e08ef395e76ed10472c493175363005ef699705f5172,Low,type1,Level2
tenant_79,8b5b6da6-ac7d-47af-a250-bc8742f85a59,User,login,v2.0,TRUE,Blocked Access,1e556ffc-c174-41ac-a557-b3a5fc86736a,28:58.8,373b605f5626d97b649d9f24effa19af546cbfa67cfaaa71e409cf7f8f10a525,Low,type1,Level2
tenant_80,56302bb5-c8c5-4d4e-ba06-1a2a9141a402,User,login,v4.0,FALSE,Allowed,9e4f609f-813f-49ab-8bf2-22c0ff1f3dd3,28:58.8,13d04113b044ffbf55d10e589117f93753a2146d62fcc24485c262cee05f2bbc,Low,type1,Level2
tenant_81,e5451184-407f-4cc6-8863-07b2853089c7,User,modify_settings,v2.0,FALSE,Alerted,3a368b4d-5d59-438c-9500-5fd2c597e2b3,28:58.8,361bf4f8202a65c5f973202275a191d3173d73d75dd09a556b045f8c6147dbf3,High,type1,Level2
tenant_82,684f1376-6aaa-45e9-9193-7064d3b7cd04,User,login,v4.0,TRUE,Blocked Access,40d2346d-dddb-4948-8287-0180a541bfd2,28:58.8,bd8bd0415da4a141b76c67e2838aad50d04ced27aee5188724667380bcef1a5c,Low,type1,Level2
tenant_83,fe10b68d-e09c-4594-af83-c44c512045c2,User,login,v1.0,FALSE,Allowed,48d1f74a-58b5-4d4e-b043-617bfe5bb299,28:58.8,742413712e87f4f7a8876916c808bbe118f2e658f378d8baa46518097f2dbd0c,Low,type1,Level2
tenant_84,8c2ee37b-c648-44ea-9ba0-9b6132113a44,User,login,v3.0,TRUE,Allowed,93aa6cfe-258e-4deb-ad4c-5a32be54244f,28:58.8,4c2004477217584e7266857442816c2f6bf72bcc0c1b7a346260b5df0233f3e2,Low,type1,Level2
tenant_85,42f0d720-3324-476b-8743-742fd582f8da,User,login,v3.0,TRUE,Alerted,a5fb2f1e-3734-4621-b831-53957e058432,28:58.8,f47f679c44557c40d884a0e9272230971e73f4aa43c75dc676200ce78220ab8c,Low,type1,Level2
tenant_86,8b6889fe-0279-46ab-97fe-8c42a9df0608,User,login,v5.0,TRUE,Alerted,601644c2-a283-4ad8-9535-8e4acf8d78e5,28:58.8,126deb6f5f7aadec245104f906b3be5d7ff058618093392aff235500a3253140,Low,type1,Level2
tenant_87,aa0bd8de-8eb0-4df1-8b51-7515d8c60e0a,User,access_file,v3.0,FALSE,Alerted,828e60c8-4372-47c4-a1a7-f2f7b5ba73da,28:58.8,a3daba5373b998cf7489ccdbd1112792b22786da84f8a1512b2e87ea6b39ea38,Low,type1,Level2
tenant_88,121c3845-98de-4f32-b18f-2ce61e576289,User,modify_settings,v5.0,FALSE,Allowed,de02b882-104b-4cef-bda7-2d135f5bac4a,28:58.8,ed275c3335fc06f38d8bb8f1a91b15ee6594cff1e0edcdff432f35327cce8ddc,Medium,type1,Level2
tenant_89,7f6e546d-fe83-43e8-9245-0b8bc4049b48,User,login,v5.0,FALSE,Alerted,70cd0ada-b80c-4939-b410-1df6ab4b7b63,28:58.8,0f48fa04cdea76bdcf76794216ad40ddbef297558d4d415007f3541dd34762f9,Medium,type1,Level2
tenant_90,789e418c-096b-46c5-96cd-bfb77d2627d0,User,access_file,v1.0,FALSE,Blocked Access,bd11b8b7-8204-45ad-96a7-f4e1e70eb059,28:58.8,28383e01966e30912d6e2738fdd34fb56b214fe7bdffadac68d0cc0baf55c1c7,Medium,type1,Level2
tenant_91,f6c6fb5c-6981-4bdf-84fe-9a6fdc014892,User,login,v4.0,TRUE,Alerted,de6aaaa6-2f29-4142-8f5c-a16d02c48588,28:58.8,af1b44ced7e7dd49162f0b735c60ef80dec5886191e99f5b40319cf2470de9dd,Medium,type1,Level2
tenant_92,7989dd43-d051-4851-9c3a-480a3fbd264e,User,modify_settings,v3.0,TRUE,Alerted,71779bc5-2b9b-4ac7-8322-416386d0167f,28:58.8,a90eb0a321ff8e3f37792eae2487b320789be1a0039bbddf709ff57fd8a66136,Low,type1,Level2
tenant_93,3b985895-2094-493b-916b-743b66948835,User,login,v2.0,TRUE,Allowed,ce0d22f9-21ce-4687-a967-7867d81cd79b,28:58.8,5f3c407d60422659555205dc9f41423ed177688dd7411c805a5c5c16bdbf9df7,Low,type1,Level2
tenant_94,c555f20c-d599-4be4-89e4-6cedc5a3de3f,User,modify_settings,v3.0,TRUE,Alerted,2c729b9b-97f5-4c80-abd6-b39c6805ddf7,28:58.8,2f95b685dd52b5adf266a53d9e61c2ed239a6447bb2b340fdc3e147515d0d543,Low,type1,Level2
tenant_95,013f3f26-b5c0-4823-84da-849becd4280e,User,access_file,v3.0,FALSE,Alerted,cd3f4ef3-190a-4128-a7a9-11865e1edff2,28:58.8,9741d0042eae45367680400594562d63911ae4e923091f2c8c4036b51ef53bf6,Low,type1,Level2
tenant_96,7c654a99-18a0-4062-9eaa-2a7958baefa4,User,access_file,v1.0,FALSE,Allowed,cdf54699-2da2-4dc2-9953-e36e73c2c2df,28:58.8,c85ead9b42ddef820c5523027391e9cba21f2a9bcada6b988fd499fefbf8465d,Medium,type1,Level2
tenant_97,c3c85d4a-c54a-48fe-9301-ebc60ba85cb1,User,access_file,v3.0,TRUE,Blocked Access,76a36b90-c2b7-4f40-ae4b-6d246ecaf0dc,28:58.8,5eefad84b6f0e184e439185596bcd1fe55f8506aae1f5686fea6e78a15cd4c02,Medium,type1,Level2
tenant_98,55755144-e7fb-4f76-8366-95c09da60efc,User,access_file,v5.0,FALSE,Alerted,ebc149f9-6cf3-4d31-af98-b4a77397a3cf,28:58.8,cdba89789e59c3f3d323bf6212765f947d9892f8b2a33e5707fead9cbc6d240e,Medium,type1,Level2
tenant_99,dc4a372b-9088-49c0-b7cf-7667aaa701b3,User,login,v2.0,FALSE,Blocked Access,3a294b67-48a5-46bd-8f0a-a8914ef6c8a7,28:58.8,19411181a5c399b035e11c678b0f2a70f51f7977a04e741f671ac1816326fc09,Medium,type1,Level2
tenant_100,80faf18f-78b3-41c6-927d-212f06955f08,User,login,v4.0,TRUE,Blocked Access,79d92a72-daad-41ac-9924-c104c03432a4,28:58.8,6b5b7bce361c6576fcf5c62bde06e451f0940c78373eb165970ec6ed65474540,Low,type1,Level2
tenant_101,95f83afd-c75c-47af-b1a7-bd5e393491ae,User,modify_settings,v3.0,TRUE,Allowed,4e910074-3d76-4b22-819c-bda9ccad17d9,28:58.8,41c70f3f7cc1ed497a01f0bd7bbd47abcbe30c8f430615b314e24cd6e3a7bf2f,Medium,type1,Level2
tenant_102,2078408c-0e23-44f2-9a37-cd41b355231d,User,access_file,v5.0,FALSE,Alerted,b8a93ae6-789f-4f6b-a9f6-aee29ece02db,28:58.8,4755a32289849e32363ae9f6e8c4f5a1de518538cd61c01c91bfb013ddf3bbf5,Low,type1,Level2
tenant_103,ea93a0b6-0516-4303-b5ca-89171c948683,User,access_file,v4.0,TRUE,Blocked Access,117ebd1a-4e43-4baa-9564-dddd9b900ae5,28:58.8,88108032ce5671e6052064eb3271a800a666831a9e0e48d399ef3f4e1fc0cb9c,High,type1,Level2
tenant_104,defa16cc-79a3-41b3-9510-2cc5e6e3d48a,User,login,v5.0,TRUE,Blocked Access,9186a065-3e32-49a8-883f-50edcc71f4f1,28:58.8,98bcad380981f35238ffe83919deeb8b9f88f61084a02eef56d8ae4aa687fa56,Low,type1,Level2
tenant_105,93fc94e5-09a1-4d2b-a02a-d6f436c3d9ba,User,login,v2.0,FALSE,Blocked Access,7475585d-143e-4fa0-9b87-4a65426dfaef,28:58.8,7b170a33479f25ecc8cc9f26bc586eacb2a24dc7e6f0def8ba517b9c48c679b3,Medium,type1,Level2
tenant_106,0ca848a9-d00d-46c7-955d-d962400b8249,User,login,v4.0,FALSE,Blocked Access,9141dd76-ef9f-4f91-adf1-ce46fb3b3ed2,28:58.8,1c2363bcbdc663780445ea1e6f0865f21aa2cb94d9a9784beea6d1dbf2646550,Low,type1,Level2
tenant_107,c856a90d-923c-404e-b979-ebe5883a4965,User,access_file,v3.0,FALSE,Blocked Access,680fe31e-36d4-4cdc-9894-886afe514f56,28:58.8,4c009578b0221c61e509d52de7e391b2173e97dc2eadd8fc1dc2b7b65592a424,High,type1,Level2
tenant_108,51bd440a-2986-448f-a00a-5c27b6eda37c,User,access_file,v4.0,TRUE,Blocked Access,058be3e2-cd1d-416a-b1e8-daf3ba6cef84,28:58.8,8231feae79b72a78182b88d034fb70d34c438f54e3b54f81b0986049b182240e,Medium,type1,Level2
tenant_109,0dc7dea3-800e-4130-8e54-2685bee3bf1f,User,access_file,v5.0,TRUE,Blocked Access,afe7c781-f0e6-410a-bb36-29f59a9404e6,28:58.8,ebc37ccea54afcb145c0868d151b8e40516a2411b32a21a20034f6e3d6809d76,Medium,type1,Level2
tenant_110,37351466-537b-463e-96d4-5529ea8f0c29,User,modify_settings,v3.0,FALSE,Alerted,0ae66267-aab8-4c82-b861-5f2d438b5a02,28:58.8,a1895e05b92628f5e7ae4f7d974ba8796ba3d8c99ba45bec65398e523e69ab67,High,type1,Level2
tenant_111,8dd3c01c-3e93-4431-b1c2-0d04dcf355a1,User,modify_settings,v2.0,TRUE,Alerted,0cda765a-c0c6-4ff5-9693-003fc524d0a3,28:58.8,57b49048805bf5137965d0a929fd957216d1b333e02aa19339d058cb5836baee,High,type1,Level2
tenant_112,9022de76-e757-42f5-a7cc-f256d8e83725,User,modify_settings,v4.0,TRUE,Alerted,0934e019-d904-4cb8-ac43-2200771b59f0,28:58.8,34e68b65d2154cd927f09cf271781830d5c16602b50c5303b73d7fabb2bee4f9,Medium,type1,Level2
tenant_113,53942420-ec9d-4a38-960b-5f1050ba7213,User,modify_settings,v3.0,FALSE,Allowed,3d91d40a-4c3d-4dfd-bb7b-f800c8083f86,28:58.8,6f96779955b7cc5258b97f0d717e98aed8e5d19fb6862daa206906707ed5ee12,High,type1,Level2
tenant_114,33a437c9-1cd0-41ab-93bc-5e12e3336771,User,modify_settings,v4.0,TRUE,Blocked Access,b0da81fd-b99a-4e28-ae56-009f06bfcadf,28:58.8,36e46bd1b0dea804807fd09566854069bdfdcc8735f27aed82c7ab03b1522dce,High,type1,Level2
tenant_115,2c1799f8-8356-48ac-9c20-3c97dcd1e550,User,access_file,v2.0,FALSE,Blocked Access,5d9b1b03-5338-4989-b7cf-5ec6992ec25b,28:58.8,d9640b5b87a0a1cd9398d9e2f1bfa52bdd9758bc3b1914eefae09fb9a3e6dd91,Medium,type1,Level2
tenant_116,9d7883b0-f316-4c5e-8370-ea5b84c4498a,User,access_file,v2.0,FALSE,Allowed,8493f13c-995f-41ca-82a7-681dc69a0e29,28:58.8,1040958ad6f83eac4e2345680681315746820c2819f04114f64d6696dfc40e97,Medium,type1,Level2
tenant_117,dd6b060f-0bb4-4dc6-87b2-6d6849f79973,User,modify_settings,v2.0,FALSE,Blocked Access,8bd95d6b-bccb-4179-a396-445e8baaa057,28:58.8,f3dca322ea3c1c5ce9f6e2eaea7fa54f266ade1cc51a6c9c90082d43dc2e00c7,Low,type1,Level2
tenant_118,e9375cf0-5f66-458e-8b11-736e849bc377,User,login,v2.0,TRUE,Blocked Access,81a0d0ec-960e-49a0-9895-0acd6f2e2451,28:58.8,0ccf056abd468023cd97f6885ab0e27dd521fc10246c167f61d5a6dc1c62d4ca,Medium,type1,Level2
tenant_119,400df0bd-bfc6-4078-8d8b-77fe2fee2097,User,login,v1.0,TRUE,Allowed,f8e74f0e-9b1e-44be-843a-1a0262c3dc88,28:58.8,821626fa9444060eeb0d78773410e49aa7dcb8348722e5bd9a57f47d3692b502,Low,type1,Level2
tenant_120,a9ba537d-e5ad-461c-8e0e-8d92f7a1a1d8,User,modify_settings,v1.0,FALSE,Allowed,c39924a5-77bf-456f-914e-b11b5e33d5de,28:58.8,e7a062c15d906f6eb4ea7638edaacd6996b2075756336983cc220000e93a726d,Low,type1,Level2
tenant_121,1835ee7b-65d1-4ab9-8605-a1d7d28b0f35,User,modify_settings,v1.0,FALSE,Alerted,b0cb66ce-7ec6-4ab0-be7d-10f396e86394,28:58.8,3d79bd1af19000baae59f1ed7f421325bafe25e6b82d9e0c460b804b93b9339c,Low,type1,Level2
tenant_122,b2f0d8e8-160c-45c9-b13a-39173b898003,User,login,v3.0,TRUE,Alerted,2ac8bff0-a932-4f65-80eb-756cce991a2e,28:58.8,5c5eac3024b2e6f0f8f28fddbcb776806b510a5f232c1e35b54e777bf96197b4,Low,type1,Level2
tenant_123,06460669-2348-433f-9cd2-be08f883e6ca,User,modify_settings,v3.0,TRUE,Blocked Access,f865f9af-6c4b-4537-8fe9-9842a48131b7,28:58.8,5aed45c07f8a4e1751f76de0258ae405f7ebb4866752acd0125c953e3411e964,High,type1,Level2
tenant_124,292e928d-b42a-43c8-8201-6fca175b447e,User,modify_settings,v2.0,TRUE,Blocked Access,f6f34235-7299-4f8a-8d41-6fe4def4611f,28:58.8,638e1a1f1d8b615193397954068f46fbbdc08928e1e5967e3cf1a47b12a8aab7,Medium,type1,Level2
tenant_125,b5726fab-7ccf-4e15-a9a9-ecde2f617423,User,modify_settings,v4.0,FALSE,Alerted,3d70d26e-1558-48aa-a3dc-2395bc82ee53,28:58.8,2ecac2f59bd86b7199f8122f029b469ff5f27a0b062f2694fe67c034e2ab35c4,Medium,type1,Level2
tenant_126,bf45ea1e-9cb9-45b2-ad73-42660f635f1a,User,modify_settings,v3.0,TRUE,Blocked Access,bf4f1bf4-28cd-4b44-96f3-4fdd8ea652ac,28:58.8,06bfbba5250f4671fe6b04d8afc868b11bf57cb505969de2c0dd6d5205e918df,Low,type1,Level2
tenant_127,579b4f0a-1b22-4a40-bbbe-dacd47e387e8,User,access_file,v2.0,TRUE,Blocked Access,b04ea746-1132-4807-b0f4-9cb383b09801,28:58.8,060a50d6f1222e2b549d3e307120c7043c6e63734fd14e0570902292e4d1e6fe,Medium,type1,Level2
tenant_128,49497efa-2692-49d3-a9e4-59c2c4c1df0c,User,login,v4.0,FALSE,Allowed,b003e00d-ef25-4e69-9abd-0e0861bf603c,28:58.8,8ec9a0bafb76d5a07fb1b2f4d66e2201b3b714db5df705e879f715e7b7737266,Low,type1,Level2
tenant_129,4a45ead7-e148-43c0-b588-f9c80a1dcec8,User,modify_settings,v4.0,TRUE,Allowed,9bf3e994-f33b-4cbb-9928-63e6de5457c6,28:58.8,2a5ca3810c152ca11f0231a6f0d6fc0aa7bb541f1fa871577133c1b019c9641a,High,type1,Level2
tenant_130,3661b3b0-321e-4292-955d-349716da839f,User,modify_settings,v3.0,FALSE,Alerted,38f4c730-09ec-4bc9-ab6c-ec56e7f5d1f7,28:58.8,6605066f508120d29b0d753cc96863ab594259ce1ccada006ac49d7176be5354,High,type1,Level2
tenant_131,0a4674cf-9237-43d2-a441-257c44ce52e3,User,modify_settings,v1.0,FALSE,Allowed,a2e1c61c-ec50-4d4d-b8fc-d3d6f2849c0e,28:58.8,9ec00893dc991d87caba2d2ecaf5767c932356a76d3f777c62e9f6dd464cd5cd,Low,type1,Level2
tenant_132,fc8713de-4548-4a52-9a51-e801e0e7d391,User,modify_settings,v4.0,TRUE,Blocked Access,17db67f0-e752-4548-bde0-1dadd6fa6d1b,28:58.8,e3eb51da0b48246a3546c29ef0c686167f6f012e4ded61989b52f43b6ec524a9,Medium,type1,Level2
tenant_133,82f91ee2-3cd1-4ff3-8309-78091cb433e9,User,access_file,v5.0,TRUE,Blocked Access,2296e578-8642-4640-a36c-5f39a88688c9,28:58.8,64183b90cb73e9305dfbdc671d953770edc876d99a1cd2a91eafe9884bfcdac2,Low,type1,Level2
tenant_134,b9caf644-8d0e-47db-b7a7-028d8e403eb8,User,login,v1.0,TRUE,Blocked Access,36ceb069-f10a-40e8-bb72-bc3dcd7bcaaf,28:58.8,7c16445c46c0d2c650051342b75a6fcdc7f146f86d9c1536c122f32d00e35771,Low,type1,Level2
tenant_135,3deedfef-1292-41f9-b027-91215904d375,User,login,v2.0,FALSE,Blocked Access,16d566d9-1d06-4460-82f5-5ac0cdf5c76e,28:58.8,ca4e316140fa88e0b375928c0d79b611eb074f3f462dac12554255b4cf950ab9,Low,type1,Level2
tenant_136,ac0a1630-c2e8-444a-bcec-2473a6302386,User,modify_settings,v5.0,TRUE,Blocked Access,74cf2c8e-7d75-45be-8be1-c5c077cefaa6,28:58.8,7b5978c10feded9ba8736e8d5d6fe091107d2adc77d832774e62f5f18a4add0a,Low,type1,Level2
tenant_137,c4206141-c61a-4779-b9d0-8424fd73390d,User,login,v4.0,TRUE,Allowed,1fe7acae-2be8-47d5-b555-c3cce9abdd38,28:58.8,20c761bfaf43d24bb44ca46a46ddf7151c089a199c1cbed2c39e81e0daffaf93,Low,type1,Level2
tenant_138,3a71c7e3-4699-4453-942e-da037df56b80,User,modify_settings,v2.0,TRUE,Alerted,57d7c4a8-f123-4c30-959e-75d557f0d307,28:58.8,517446802b903caf8354e432a85c0ee79b194cf1fc0d676fc2ed3e89f3e47e35,Low,type1,Level2
tenant_139,6645b8b6-0cdb-4367-b976-210f9af14c48,User,login,v5.0,TRUE,Alerted,83822789-6d82-4e40-af4a-f596e95d02c4,28:58.8,8d5b93cbe5a1f5a5375e2b1fd537a100cb70b57e3dd6bada020838d35c1eee88,Medium,type1,Level2
tenant_140,03559953-8e9f-4f7d-a0cc-82c33d625ad1,User,access_file,v4.0,FALSE,Blocked Access,375b32fc-8067-4ae6-a658-f51bb7acfc17,28:58.8,c5d84a79e8829f904226ee25a706b716515e91d4807d666123bb209e1f618c1f,Low,type1,Level2
tenant_141,db770990-4818-43a7-a019-72f334971662,User,login,v2.0,FALSE,Allowed,c2516308-cb5d-4bb8-a365-c97f12e3e31b,28:58.8,d85f0026cc876c3e148d2c33952d4fa9e404deb7d47c8089554c12df66b466b3,High,type1,Level2
tenant_142,dd4fc5a3-dafb-439d-8fa0-39043f7f8302,User,login,v5.0,TRUE,Allowed,41446a6f-1686-4546-9e38-85fa747a8b97,28:58.8,94f70216d42d2b4334972bbd2b7b280b931d6d472bb8280919ee31a87b3d462f,Low,type1,Level2
tenant_143,3f08be11-3bcb-4d78-9371-6105da8fa804,User,access_file,v4.0,FALSE,Blocked Access,5b82a715-ec4f-4cc1-b14f-24cc9526cdfa,28:58.8,13a95f0e781dd78965437fea88a221d5dddf6242ea9239ecc006602b5c21af22,Low,type1,Level2
tenant_144,9f460977-ef90-4ab8-bfde-417567b8b432,User,access_file,v5.0,FALSE,Alerted,0b9c27ce-55ef-44c4-91a5-683120dd31aa,28:58.8,cf994934d08c3744816911679bf5b085fe2b9b097040d575aef84b70701de90e,Medium,type1,Level2
tenant_145,3916ba93-3adb-42ab-9afe-a6216ae4773c,User,login,v1.0,FALSE,Allowed,755d57ec-e0d2-4e76-8658-f863665ebc31,28:58.8,00745e3953c7771ebd9e4c1dd80d871dc29e1021852cca6d0bb9d01c53822144,Medium,type1,Level2
tenant_146,48312da1-9c49-4d12-bf41-5961ca5c2ea1,User,modify_settings,v3.0,TRUE,Allowed,eb46ca9a-36c5-41be-b632-658a33c7ed2c,28:58.8,a9fd6c09599828603cc1b64443f050e7c89e0095dfb020915b80f46e9c837508,High,type1,Level2
tenant_147,0711f511-eed4-4042-9b24-e491d8e00093,User,login,v1.0,FALSE,Allowed,606ab6bc-fa54-4467-98bc-fc8f067d3ba3,28:58.8,84a8fc14798f314a231b572d2df879e3e530379db903598dd6758010b2cc33ff,Low,type1,Level2
tenant_148,20a53275-f43f-4b7f-9fac-602b31e1a94e,User,modify_settings,v4.0,FALSE,Alerted,66cc8f23-8363-4599-8882-1e3ff18c1c10,28:58.8,8fe51d1659747b56630e27cd5d97ab90b041f694ed34a58b82f6a664f045d1f6,Medium,type1,Level2
tenant_149,a706a777-aaf6-4d57-924b-c994d966045f,User,login,v5.0,TRUE,Alerted,8605077d-c3c1-481c-8ead-37ff104a9899,28:58.8,78a0360b5a0d231fd735a13aa28cdaf4175a000022733e9ad8fbc7dfcfe5cbdb,Medium,type1,Network Admin
tenant_150,284b3cb4-52a2-442b-9f40-90057c0af5ab,User,login,v4.0,TRUE,Allowed,d21d733d-4dbd-42a0-8701-77ac62d5bdd5,28:58.8,6eaabfd3d421528352e9529f883092b2b2b46c4a92aed577df64179adcab78fa,Low,type1,Network Admin
tenant_151,317e6e1c-a07a-4d09-9b51-81e3c73d7d9a,User,modify_settings,v2.0,FALSE,Blocked Access,84add2a1-09e3-48c4-b981-c01630c43c7b,28:58.8,75966b65ee96cf91c1b74b10cfa3390e27f9691151dd3327af0d1fa374ca3fcd,Medium,type1,Network Admin
tenant_152,99a0325c-359b-4778-976e-bbfa86112edc,User,modify_settings,v5.0,FALSE,Blocked Access,e74a7926-0f3a-449f-8593-fb733a30a3c5,28:58.8,0619a04f4bad3a5620c0e9c255a98612ddcc1c3a487a5acd6dd0b95b06b606cf,Medium,type1,Network Admin
tenant_153,574fc49c-c596-45d8-95e6-a1c7ff2293e8,User,modify_settings,v3.0,TRUE,Alerted,63952226-61d5-4ae3-bbff-05babbb4ee2f,28:58.8,08150fb4202958237cdd40d21337a207b587eb5ec28ae46aaf311408ed5ba485,High,type1,Network Admin
tenant_154,2e463e0c-9f3e-45e5-a1df-796ef60777b4,User,modify_settings,v1.0,FALSE,Allowed,60362374-46fc-4d7f-88a1-b7d00d5a6453,28:58.8,b576fb72ea8747e3de3ffeea65eafb6b92d6ec00eb16da212faac95d4c78e0be,Low,type1,Network Admin
tenant_155,2800f2f4-605f-4bba-a46d-dffc25e001d1,User,login,v3.0,TRUE,Blocked Access,1824f644-a787-4663-9e0f-3c278d6a21fe,28:58.8,e65622723253d46afbb933ee07632ad6efbfed960e4dcd26ead4cca3b6f54141,Low,type1,Network Admin
tenant_156,f393e144-c669-40e8-8884-30aab174bc4c,User,modify_settings,v2.0,FALSE,Blocked Access,b9e67ec9-ab48-48d8-ac0f-efda13b58dbd,28:58.8,d081c6f664985b0df9b3db6dd2751a29f7e9ccbd0a2d305d72b1a7700bfe97fe,High,type1,Network Admin
tenant_157,65dc29d3-349e-4515-a6a8-c66a8927eb1f,User,login,v4.0,FALSE,Alerted,5c91dd10-d5a8-4952-b6c4-71fe335c7452,28:58.8,a26ab78cac550f2824d1c86e2cb1d83d80afd574290e68930ce289718408b7fa,Low,type1,Network Admin
tenant_158,d8fe03ef-a834-4f95-a3b0-7538ed2988a8,User,modify_settings,v4.0,TRUE,Alerted,662c0283-70a2-468d-8d6d-68d523d51071,28:58.8,93311854780db9e77d8670346947b0b3b28e9e6a8365f522a7e490db089998d9,Low,type1,Network Admin
tenant_159,d88c6195-5a42-4acf-b930-f8a6c4c98a17,User,login,v3.0,TRUE,Blocked Access,763b857b-4949-492e-8ecf-95daeeecf589,28:58.8,f047729d9edeb805147e5a89eb5fac80024ca8035849ce20e183b22215a7233c,Medium,type1,Network Admin
tenant_160,ef75a4b0-e193-4097-89e9-f96925556450,User,modify_settings,v2.0,TRUE,Allowed,5a8410bc-5e25-4614-b714-305fe8d82801,28:58.8,15bf79e16e633fb74987e004a8e499e8945052199b6afa3380c68df95be7bc4d,Medium,type1,Network Admin
tenant_161,2b15d06a-1048-4efd-9754-f872b8095791,User,access_file,v5.0,FALSE,Blocked Access,d0de5fcc-5174-4908-a092-ff5487b63672,28:58.8,32ea17b4d5cd12f84f827bf55af7dcf48dc7ad751895502a7004f46af61eff7a,Medium,type1,Network Admin
tenant_162,11a0b4bc-222d-4ba1-9e8d-35d06acfa885,User,access_file,v3.0,TRUE,Allowed,2408cd6c-af80-4514-a37d-c785046f1c83,28:58.8,86129e862846aa0eaee8792725b3b227cd970049406bfa5768082b886d64eb4a,Low,type1,Network Admin
tenant_163,9e4ca8eb-575b-4b12-bed7-3c8756ccb268,User,login,v4.0,TRUE,Allowed,c7f2fd56-848a-4bdc-a55e-d7e6cddca14a,28:58.8,d4349b1e48e9de3847a72d0e39aa4bdb67c05ace8ecd6ca00493693d4a0686b3,Medium,type1,Network Admin
tenant_164,31bc44e4-598b-4201-940c-064b35552eda,User,login,v1.0,FALSE,Allowed,bad6238c-77d6-4d1a-8bfb-af5acdf74677,28:58.8,ba0cf17c8bafede78ccb423cf0e1276d9043374d137eb0fd3729e7b2048de729,High,type1,Network Admin
tenant_165,63b2e17c-9d16-4f3d-bd67-11e979c5c38f,User,access_file,v1.0,TRUE,Alerted,3f19733c-e390-4d25-9e77-f613989264a4,28:58.8,915f2b9f9143cc1197121152a23be8f78cb60ad625d6113aa89e971d0c156805,Medium,type1,Network Admin
tenant_166,0adbaabb-2b95-400f-906d-61e94f1079f5,User,access_file,v1.0,FALSE,Alerted,128f403c-e2cf-4d46-b69e-f1a9d43f5302,28:58.8,379bcdf0063ecba9d1d7f408103bf0c1fab6a2a0849945266d5202ed23f67323,Low,type1,Network Admin
tenant_167,3529caeb-3960-4068-bcc6-c9272624fe69,User,login,v2.0,FALSE,Alerted,aa9af7b5-8d7a-4630-ac84-927e3d5badf1,28:58.8,50955bd957b77b476ebb9e9073a1ac4547f61eb05c99cf4d611e864314325896,High,type1,Network Admin
tenant_168,7e017ad2-e1c8-4242-b139-f04c64f7b9bd,User,login,v2.0,TRUE,Allowed,b10bbdea-2e7f-450a-aedb-9c8254ba9456,28:58.8,fb0cbb9bc6c8fc852a5ae4d3825902103a999b4eca7412799e530e19a5169205,Low,type1,Network Admin
tenant_169,a274468c-07e2-4e9f-b193-3c83cf416285,User,login,v1.0,TRUE,Alerted,f839fa16-d61e-41e8-acdf-7fb7dc982f99,28:58.8,a24344581e02d4bddb29d05ed0295e9c3cd0ea73130070e798e080b3f64171a4,High,type1,Network Admin
tenant_170,c6956516-ac11-4392-9781-554a05ec9700,User,login,v2.0,TRUE,Alerted,b69ff4c7-4fc1-4e20-9f5b-45fd0c5bca28,28:58.8,9e561f100cb5a71ff3ae147b762081bdd0888e831e33ba079c1aa0a8eb07c108,High,type1,Network Admin
tenant_171,b1a3cc44-6fbf-4641-b253-c5867b78977f,User,modify_settings,v2.0,TRUE,Allowed,8858b728-01b4-445d-80b3-303f7748184b,28:58.8,96fd538e2a6c4a192fcc6ba845dd4fa3819986f4252dae577b58424da29f7eac,Medium,type1,Network Admin
tenant_172,2f8085ad-6d17-46b0-b805-2ec625043b95,User,login,v5.0,TRUE,Allowed,55154daf-217f-43df-b536-77cc4d19d8d3,28:58.8,c5f51b5a63a8bf6f9761852d15140f4e0107ea0b8780bed5f3fbf0fea5478f95,Medium,type1,Network Admin
tenant_173,ec654cd2-6cbe-4375-b07f-f982c0e6d385,User,login,v3.0,TRUE,Blocked Access,acbe9501-5852-407f-9e4d-2f847e1deeea,28:58.8,07bb5c78def6d103b30291474413ebcec8f91b35348bc6ec24e5add4daad473a,Low,type1,Network Admin
tenant_174,5dc9546d-0345-458f-92a7-28a58216bdf9,User,access_file,v5.0,TRUE,Alerted,89afb744-b9d8-48b2-ae41-63ff270e0038,28:58.8,3bdade9fc9e90b4e5f84fdd925c7665c212d67ce8520b841c1572ff69e96da32,High,type1,Network Admin
tenant_175,93311198-8faf-4010-9d88-82c1cf17b84a,User,modify_settings,v2.0,TRUE,Alerted,52ec6059-f6ef-458a-a48b-3813e926d3d2,28:58.8,f14d306fa212d135a36fea7b5d0845677288bc19dfcb7f55b1fb129897c0ad9c,Low,type1,Network Admin
tenant_176,114ba33b-ea16-45ea-a649-ee035b631fc0,User,modify_settings,v2.0,FALSE,Allowed,5c90b6d1-4366-4cf1-83f9-ad5b039c41f2,28:58.8,6187145732ea2b3a07aaf4cbfcd986b48ba59fb54c4863f20af62acfd772027d,Low,type1,Network Admin
tenant_177,e119cd64-1974-4808-bafa-012b843c94c7,User,modify_settings,v2.0,TRUE,Alerted,597337f2-aa5e-417b-ae93-c900827579ec,28:58.8,d36a58e8fb86492a2070f27f6e9c18e9030e3c57a919a52b5bab4c918ae3fe0a,Low,type1,Network Admin
tenant_178,f803b400-5b6b-4b84-87bf-806af83d34f6,User,modify_settings,v2.0,FALSE,Blocked Access,f1aaa3b9-4672-43a4-b5fa-04ebf1f2ee81,28:58.8,36068918ce50f0c707f172eb69b6f0c61f438f6e2f7064c32849117ca4b70c32,Medium,type1,Network Admin
tenant_179,3f76dea6-f46e-44fd-9c21-fbe92c09ed8f,User,modify_settings,v3.0,FALSE,Blocked Access,1c67e4f0-1166-4173-882b-24e82d005bef,28:58.8,658774c05ed830d0fcbecf63aa58deca7c510c61e60579ce45bee64c7df93af7,Medium,type1,Network Admin
tenant_180,d2227d22-efe6-43a0-8b97-4e71471c5050,User,modify_settings,v5.0,FALSE,Blocked Access,807fd45a-2b69-42d1-82ce-e4d6dff67c44,28:58.8,673c10ff0ff963c33035c5cf70a404bf5de2388b869fd0a7f233e0d231dad92e,High,type1,Network Admin
tenant_181,e21daa36-ac82-4667-9ab6-51654af1aa1c,User,login,v5.0,FALSE,Alerted,347e1693-e13e-4faa-b952-fd2997a18ae7,28:58.8,34b63a3f19664cd049a46c4fe69b2038c803dd980af0876ae8cc3c51161a6dcf,Low,type1,Network Admin
tenant_182,d3a3969f-b092-4ecf-aa3b-c266a04399ef,User,login,v4.0,TRUE,Allowed,ed25fb38-9083-47cb-8557-6e31773c9228,28:58.8,86c91b93d3efee0737306f4451bd417c7daf26c7a066fcd260b711740c8e2a62,Medium,type1,Network Admin
tenant_183,21f48b65-d95e-42e6-a279-87d78b4d14a8,User,login,v5.0,FALSE,Allowed,b0ee93ee-4b1a-4059-a525-279c0c1acc71,28:58.8,fe52fd2d69e726eae72f0cc132e182e7513d0b19ab33ee49804802ae1fc3765e,Low,type1,Network Admin
tenant_184,e4dcbe20-00d4-4d89-8634-5d1541292ada,User,login,v1.0,FALSE,Blocked Access,09de9ad0-df7b-4159-84ac-b79cf1f52113,28:58.8,287a8f0a554674110c47aee3bb8ba0577e29bc37681e83e23d0f063bb5a825df,Low,type1,Network Admin
tenant_185,4613bdbb-eb30-4f26-a0e9-16862629e4f2,User,modify_settings,v4.0,FALSE,Alerted,95ffdd8b-b671-4c8c-a4e0-5c52c329249d,28:58.8,be3214f27cb9e8d22418292ab99358683350237d995bd86ab91496584b9e0f95,High,type1,Network Admin
tenant_186,16073e9c-c6c3-465e-9d23-5b69e868ca48,User,login,v1.0,TRUE,Alerted,7e57f13e-8a71-466e-8a7c-6407b4a3405a,28:58.8,1e90572a5ed4d7fb3275bceb710f8d1cc66cf08f5164906cb9d3c17b10c0993e,Low,type1,Network Admin
tenant_187,e751108f-76ec-471b-bf3d-e106550ea6a9,User,modify_settings,v1.0,TRUE,Alerted,3f21abcb-0ce4-4627-82b4-b984c4575a76,28:58.8,edcb22beee1fee656fdaa7136d2a2b65c784f7860d48b6879d46a977815db739,Low,type1,Network Admin
tenant_188,473352e4-6bc3-48a7-ab53-62e2e80d1019,User,access_file,v1.0,FALSE,Allowed,11902a3c-6916-4dd9-9b8c-8ce781888eda,28:58.8,64a5ec8918e2551ca96724628bdd4e463cf91e86589f3800c9ca938783fc1681,Low,type1,Network Admin
tenant_189,97556b4e-1c94-44c3-88d2-a8807ef90225,User,modify_settings,v5.0,TRUE,Alerted,a39de8e0-c90b-42d8-b741-dfa7e3daaa22,28:58.8,bfbe632b84162ea3e43f564c61789997fa5657691240202a1ebe0177d3d14310,Low,type1,Network Admin
tenant_190,2aa0f2f9-86a5-44e9-969f-806d280d6c7e,User,login,v1.0,FALSE,Alerted,fb8aa5c6-edd3-4680-9896-bc4086bb8951,28:58.8,161500d11e87f64cfbd22f3e1fd6161fc0ffb86426fc7f034726edbf13dcd600,High,type1,Network Admin
tenant_191,e4c72f1d-7948-4c2a-934d-23cf4b74c243,User,access_file,v2.0,TRUE,Alerted,390d794e-a3aa-4259-a003-1eb97bf56ea3,28:58.8,4cb07138e601293d570644e8e7c486e0aa3f63dd35aa19d953a9da3fe488078b,High,type1,Network Admin
tenant_192,be2f8255-f391-487c-b095-e6034e70d8cd,User,modify_settings,v2.0,FALSE,Alerted,1ec5b5ff-28e7-401f-b603-1758fe7fe35c,28:58.8,1afa4d297b5db0f1dda208f761cae78613ded784d4f41587259247379180dfa1,Medium,type1,Network Admin
tenant_193,4a6b2885-5039-4667-a0c3-91c4c847f935,User,modify_settings,v3.0,FALSE,Blocked Access,893a6ba3-99b6-44ee-9975-8e743dc70d7e,28:58.8,52506769d71d3993617cdb78ef53bb1a772a56dcea570f28c6f94de0e237cc89,Medium,type1,Network Admin
tenant_194,c90a034e-ebc2-47d0-a6a0-a7ad0777ae77,User,modify_settings,v4.0,FALSE,Allowed,98cd464a-91f9-4d26-ad47-9eff8aa1bbbc,28:58.8,79666f0c7ba2e59a09a058c294768b8f061ca7f8c792c4e0673330122950ffd9,High,type1,Network Admin
tenant_195,7cca67ed-0e1f-4517-9c82-f236c2b153a0,User,login,v3.0,TRUE,Alerted,59974448-e8fd-427f-88aa-d0b97d1e6008,28:58.8,0e280178839ad474464b8514f1dad58b0129b20c3fce94ceeb536b162e2108a8,High,type1,Network Admin
tenant_196,6720b6cd-39dd-442d-b6e2-e95d80f5b789,User,access_file,v2.0,TRUE,Alerted,512724c6-41b6-45af-8c3a-6e6ef3302519,28:58.8,0e0651f9ba0df5bea6d5c9159f240b0b2a72333f97cd61803e7432a422e2cf83,Medium,type1,Network Admin
tenant_197,bd73bd13-d445-4e58-a4b8-6cf50b3ced0f,User,access_file,v1.0,FALSE,Alerted,0809421d-62ff-4d6f-a630-1272afde184f,28:58.8,96b0ef7e90bf2835b4d93d275115ecfab7792ea06cf5a011d81aad6aa9ae8b86,High,type1,Network Admin
tenant_198,992a4830-6768-482a-8533-600a4f452d56,User,modify_settings,v2.0,TRUE,Allowed,1eff7f28-624c-44ed-942d-2f06745804dc,28:58.8,217f3c949455bfea0238a6822235dfb9396ad467a372d3b0cb33d3ef18dc8056,High,type1,Network Admin
tenant_199,160455c8-07d8-4ffd-acde-e54e1b52508d,User,access_file,v2.0,FALSE,Alerted,8935cc88-873c-496b-a360-0f905ee5a7ec,28:58.8,10e9d698501df77d39158e8180bf8373265b66faade363a52607bec01c4b1c70,Low,type1,Network Admin
tenant_200,c9c183cb-3611-4904-b5f7-91028de3afd7,User,access_file,v5.0,TRUE,Allowed,e20a3e48-1764-4dd8-a942-6f8bcad7aec0,28:58.8,0d985592543f3c548613c7ef1157f3c549b8347aaa8ec4cb807fe67a348531ba,Low,type1,Network Admin
tenant_201,5ae12e3c-c613-4310-a80b-5efdcc8ceb42,User,login,v4.0,FALSE,Alerted,fb0054bf-cb41-4d03-9465-ce9aeaa95a01,28:58.8,7da8cdecbe79609e216028134739cf519dd17cf04dc7cfe2c480fa5d3a0fc6f5,High,type1,Network Admin
tenant_202,56ce6ee8-1a44-4066-9156-a7504736164a,User,modify_settings,v3.0,FALSE,Alerted,ed54942d-c378-478a-b26a-e577f6ceac0b,28:58.8,51e38c75cec0ed86f8d91133127bacfde6d0b7cb924b15f56c9c8b75ebe981f6,Medium,type1,Network Admin
tenant_203,b5260d31-b682-4c9e-b0d0-4d60d98906ae,User,modify_settings,v2.0,FALSE,Allowed,93be2096-9477-4de1-a451-e0779244ce7d,28:58.8,659d6aedfa1c7239e828592e7d7c2a174a0433ad2c713663a913be7ab7a25ede,High,type1,Network Admin
tenant_204,f4bbbe20-1e76-4c86-8984-78a2b925ac67,User,access_file,v3.0,FALSE,Alerted,1b66d4d2-e760-4eef-ad63-dbdb5d5de99a,28:58.8,6959248684910ffdf8160e8b14ec911ccc8577a0dc92f02f321418dbc111ff56,Medium,type1,Network Admin
tenant_205,b485c8bb-e7e2-434d-886e-eecf1cfafd98,User,access_file,v2.0,FALSE,Allowed,9a320e9b-b7e5-40e3-b272-daacd18721bb,28:58.8,cbebf1a6915c5285bcfdb0b681faf76809c4de9515c87aa0918c56bcc66f2fb7,Low,type1,Network Admin
tenant_206,9ac96909-3aa9-4c0e-b5e5-803b11d32cb5,User,access_file,v5.0,TRUE,Allowed,6b3de20d-5d8a-479f-941c-11ddb31b82c8,28:58.8,fa0e2d6c12975514cb6445d86c99e008b080bf19b99c1cc3acdb6e539163e8c6,Low,type1,Network Admin
tenant_207,82585e41-978d-498f-bc68-c3fb6228cc06,User,access_file,v3.0,TRUE,Alerted,0c611e9c-fbf9-4938-852c-9386523eb2da,28:58.8,d5aba2d62ae89f8c454b5947493a504826b1d3f21c30c083b6727d5f14ec30c2,Medium,type1,Network Admin
tenant_208,25ed9c8e-6189-4c28-a465-5648a508535c,User,modify_settings,v4.0,FALSE,Alerted,373a4fc0-4ede-4ea9-ad06-d075f483c4d1,28:58.8,e434efb5b70f5ace00f690824b7cb71da892aa74b538e7394727b10ea85ef115,Low,type1,Network Admin
tenant_209,cb1ba8c3-14a5-4286-9d04-93360a2fd6cd,User,modify_settings,v4.0,FALSE,Alerted,dd0196dd-3d54-40cd-863e-165f9512d40d,28:58.8,649fc255ed55f9d55d385d8e947dad67b9b40b8662b1fa54d58acd2c72bfca25,Low,type1,Network Admin
tenant_210,85c3948c-f24a-433b-b146-beda617aff07,User,login,v3.0,TRUE,Alerted,1c3452fd-1b7c-46c3-ab36-cafed38a3485,28:58.8,4ca3060ab72c4fee18a61e76996cf46885ef8a5ad20d4132bd5cb508d1bb12b0,Low,type1,Network Admin
tenant_211,97a832e0-6f88-4c1e-82a2-9369abe25767,User,login,v2.0,TRUE,Alerted,ae270ab4-a9f0-4077-85bc-f71b7568e799,28:58.8,d2636fb18bcdd48b7e67bc158e5c419d68aaf3f509a4206f360457cc73b0ef44,High,type1,Network Admin
tenant_212,bc8c04d2-4362-48d9-82fd-5dd8c62f6fc4,User,access_file,v3.0,FALSE,Blocked Access,f575013f-dc1f-4506-b8b4-d5f4e5475b24,28:58.8,62108af6d3d7f7dfb3ddbe27e5bede4c5d8b534b44ab56e475e44a8a91232aa2,High,type1,Network Admin
tenant_213,2cf44627-711f-42fd-a069-225dc5490677,User,login,v2.0,TRUE,Allowed,1e6e7425-4501-43b2-946f-f88d89b313bd,28:58.8,dc2a1cb906c66afd244a14076cdc26fa8945c0d5b6e96c5ff706a7308cd0f387,Medium,type1,Network Admin
